SNR (dB),P(fail)
0.0,0.999996439058
0.5,1.34698110549e-57
1.0,0.0
1.5,0.0
2.0,0.0
2.5,0.0
3.0,0.0
3.5,0.0
4.0,0.0
4.5,0.0
5.0,0.0
