SNR (dB),P(fail)
0.0,0.889783718294
0.5,2.08065363847e-87
1.0,0.0
1.5,0.0
2.0,0.0
2.5,0.0
3.0,0.0
3.5,0.0
4.0,0.0
4.5,0.0
5.0,0.0
