SNR (dB),P(fail)
0.0,0.95777625657
0.5,1.60602339947e-82
1.0,0.0
1.5,0.0
2.0,0.0
2.5,0.0
3.0,0.0
3.5,0.0
4.0,0.0
4.5,0.0
5.0,0.0
