SNR (dB),P(fail)
0.0,0.835325015007
0.5,6.82107142582e-90
1.0,0.0
1.5,0.0
2.0,0.0
2.5,0.0
3.0,0.0
3.5,0.0
4.0,0.0
4.5,0.0
5.0,0.0
