SNR (dB),P(fail)
0.0,0.999749829549
0.5,2.84503458302e-66
1.0,0.0
1.5,0.0
2.0,0.0
2.5,0.0
3.0,0.0
3.5,0.0
4.0,0.0
4.5,0.0
5.0,0.0
