SNR (dB),P(fail)
0.0,0.999966188703
0.5,7.0471774707e-62
1.0,0.0
1.5,0.0
2.0,0.0
2.5,0.0
3.0,0.0
3.5,0.0
4.0,0.0
4.5,0.0
5.0,0.0
