SNR (dB),P(fail)
0.0,0.999999981748
0.5,2.22669247916e-49
1.0,0.0
1.5,0.0
2.0,0.0
2.5,0.0
3.0,0.0
3.5,0.0
4.0,0.0
4.5,0.0
5.0,0.0
