SNR (dB),P(fail)
0.0,0.986990307314
0.5,9.65692708768e-78
1.0,0.0
1.5,0.0
2.0,0.0
2.5,0.0
3.0,0.0
3.5,0.0
4.0,0.0
4.5,0.0
5.0,0.0
