SNR (dB),P(fail)
0.0,0.993364149681
0.5,2.1555345635e-75
1.0,0.0
1.5,0.0
2.0,0.0
2.5,0.0
3.0,0.0
3.5,0.0
4.0,0.0
4.5,0.0
5.0,0.0
