SNR (dB),P(fail)
0.0,0.99680495694
0.5,4.51797603593e-73
1.0,0.0
1.5,0.0
2.0,0.0
2.5,0.0
3.0,0.0
3.5,0.0
4.0,0.0
4.5,0.0
5.0,0.0
