SNR (dB),P(fail)
0.0,0.998549134284
0.5,8.89010384707e-71
1.0,0.0
1.5,0.0
2.0,0.0
2.5,0.0
3.0,0.0
3.5,0.0
4.0,0.0
4.5,0.0
5.0,0.0
