SNR (dB),P(fail)
0.0,0.999996439058
0.1,0.812459229886
0.2,0.00142233556724
0.3,6.18196815847e-13
0.4,1.40345728271e-30
0.5,1.34698110549e-57
0.6,6.21685944229e-95
0.7,1.15634388961e-143
0.8,2.39903868877e-205
0.9,0.0
1.0,0.0
1.1,0.0
1.2,0.0
1.3,0.0
1.4,0.0
1.5,0.0
1.6,0.0
1.7,0.0
1.8,0.0
1.9,0.0
2.0,0.0
2.1,0.0
2.2,0.0
2.3,0.0
2.4,0.0
2.5,0.0
2.6,0.0
2.7,0.0
2.8,0.0
2.9,0.0
3.0,0.0
3.1,0.0
3.2,0.0
3.3,0.0
3.4,0.0
3.5,0.0
3.6,0.0
3.7,0.0
3.8,0.0
3.9,0.0
4.0,0.0
4.1,0.0
4.2,0.0
4.3,0.0
4.4,0.0
4.5,0.0
4.6,0.0
4.7,0.0
4.8,0.0
4.9,0.0
5.0,0.0
